{
  "businesses": [
    {
      "name": "business",
      "address": "2478 Hilo",
      "phone": "(808)555-3833",
      "website": "www.website.com",
      "membership": "gold",
      "image": "https://via.placeholder.com/150"
    },
    {
        "name": "business",
        "address": "2478 Hilo",
        "phone": "(808)555-3833",
        "website": "www.website.com",
        "membership": "gold",
        "image": "https://via.placeholder.com/150"
    },
    {
        "name": "business",
        "address": "2478 Hilo",
        "phone": "(808)555-3833",
        "website": "www.website.com",
        "membership": "gold",
        "image": "https://via.placeholder.com/150"
    },
    {
        "name": "business",
        "address": "2478 Hilo",
        "phone": "(808)555-3833",
        "website": "www.website.com",
        "membership": "gold",
        "image": "https://via.placeholder.com/150"
    },
    {
        "name": "business",
        "address": "2478 Hilo",
        "phone": "(808)555-3833",
        "website": "www.website.com",
        "membership": "gold",
        "image": "https://via.placeholder.com/150"
    },
    {
        "name": "business",
        "address": "2478 Hilo",
        "phone": "(808)555-3833",
        "website": "www.website.com",
        "membership": "gold",
        "image": "https://via.placeholder.com/150"
    },
    {
        "name": "business",
        "address": "2478 Hilo",
        "phone": "(808)555-3833",
        "website": "www.website.com",
        "membership": "gold",
        "image": "https://via.placeholder.com/150"
    },
    {
        "name": "business",
        "address": "2478 Hilo",
        "phone": "(808)555-3833",
        "website": "www.website.com",
        "membership": "gold",
        "image": "https://via.placeholder.com/150"
    },
    {
        "name": "business",
        "address": "2478 Hilo",
        "phone": "(808)555-3833",
        "website": "www.website.com",
        "membership": "gold",
        "image": "https://via.placeholder.com/150"
    }
  ]
}